iter	Logloss
0	0.6233184831
1	0.5580290258
